State,Year,Population,Number of Cannabis Users,Number of Opioid Deaths,Per Capita Cannabis Use,Per Capita Opioid Deaths,Recreational,Rec Year Legalized,Medical,Med Year Legalized,Years legal (rec),Years legal (med),Opioid_death_predictions_XGBoost_2019-2020
North Dakota,2014,738736,62000,43,0.0839271404128132,5.820753286695112e-05,0,0,1,2016,0,6,0.0
Missouri,2014,6059130,639000,1067,0.1054606849498195,0.0001760978886407,0,0,1,2018,0,4,0.0
Kansas,2014,2901861,259000,332,0.089253068978838,0.000114409339386,0,0,0,0,0,0,0.0
Louisiana,2014,4645938,425000,777,0.091477759711817,0.0001672428689319,0,0,1,2015,0,7,0.0
Oregon,2014,3965447,649000,522,0.1636637685486655,0.0001316371143026,1,2014,1,1998,8,24,0.0
Tennessee,2014,6544617,560000,1269,0.0855665045028609,0.0001938998110966,0,0,0,0,0,0,0.0
New York,2014,19653431,2372000,2300,0.1206913948002259,0.0001170279123273,1,2021,1,2014,1,8,0.0
Delaware,2014,933131,109000,189,0.1168110372498609,0.0002025439086259,0,0,1,2011,0,11,0.0
Illinois,2014,12885092,1305000,1705,0.101279835642617,0.0001323234634257,1,2019,1,2013,3,9,0.0
Arizona,2014,6732873,752000,1211,0.111690804207951,0.0001798637817763,1,2020,1,2010,2,12,0.0
Pennsylvania,2014,12792392,1265000,2732,0.0988869009017234,0.0002135644373624,0,0,1,2016,0,6,0.0
California,2014,38586706,4633000,4521,0.1200672583972314,0.0001171647043414,1,2016,1,1996,6,26,0.0
Oklahoma,2014,3879187,338000,777,0.0871316592884024,0.0002002997019736,0,0,1,2018,0,4,0.0
Hawaii,2014,1415335,144000,157,0.1017426969586705,0.0001109278015452,0,0,1,2000,0,22,0.0
Georgia,2014,10071204,963000,1206,0.0956191533802711,0.0001197473509622,0,0,1,2015,0,7,0.0
Ohio,2014,11606573,1122000,2744,0.096669361404094,0.000236417760867,0,0,1,2016,0,6,0.0
Mississippi,2014,2991892,229000,336,0.0765401959696406,0.0001123035189772,0,0,1,2022,0,0,0.0
Arizona,2014,6732873,752000,356,0.111690804207951,5.2874901992061936e-05,1,2020,1,2010,2,12,0.0
Wyoming,2014,583159,51000,109,0.0874547078927016,0.0001869130031432,0,0,0,0,0,0,0.0
Florida,2014,19853880,1990000,2634,0.1002322971630734,0.0001326692817726,0,0,1,2016,0,6,0.0
Indiana,2014,6596019,700000,1172,0.1061246185009473,0.0001776829326901,0,0,0,0,0,0,0.0
District of Columbia,2014,663603,121000,96,0.1823379339755848,0.0001446648071211,1,2015,1,2011,7,11,0.0
New Jersey,2014,8867277,844000,1253,0.0951814181512543,0.0001413060627292,1,2020,1,2010,2,12,0.0
Montana,2014,1022657,120000,125,0.1173413959910312,0.0001222306208239,1,2020,1,2004,2,18,0.0
Wisconsin,2014,5753199,572000,853,0.0994229471290668,0.0001482653389879,0,0,0,0,0,0,0.0
Alaska,2014,737075,114000,124,0.1546654004002306,0.0001682325407862,1,2014,1,1998,8,24,0.0
Vermont,2014,625693,108000,83,0.1726086115714895,0.0001326529144484,1,2020,1,2004,2,18,0.0
Idaho,2014,1632248,152000,212,0.0931231038420632,0.0001298822237797,0,0,0,0,0,0,0.0
New Hampshire,2014,1334257,194000,334,0.1453992746524844,0.0002503265862573,0,0,1,2013,0,9,0.0
Washington,2014,7057531,1105000,979,0.156570335999941,0.0001387170669175,1,2012,1,1998,10,24,0.0
Colorado,2014,5352637,909000,899,0.1698228368559272,0.0001679545988267,1,2012,1,2000,10,22,0.0
Maine,2014,1331217,224000,216,0.1682670819257867,0.0001622575432855,1,2016,1,1999,6,23,0.0
Michigan,2014,9932033,1304000,1762,0.1312923547475124,0.0001774057738229,1,2018,1,2008,4,14,0.0
South Carolina,2014,4826858,460000,701,0.095300089623519,0.0001452290496219,0,0,0,0,0,0,0.0
Connecticut,2014,3595697,427000,623,0.1187530539975976,0.0001732626525538,1,2021,1,2012,1,10,0.0
North Carolina,2014,9937295,986000,1358,0.0992221726334983,0.0001366569071361,0,0,0,0,0,0,0.0
Massachusetts,2014,6764864,989000,1289,0.146196582813786,0.0001905433723427,1,2016,1,2012,6,10,0.0
Alabama,2014,4843737,404000,723,0.083406675465658,0.0001492649167368,0,0,1,2021,0,1,0.0
Nevada,2014,2818935,304000,545,0.1078421460587065,0.0001933354263223,1,2016,1,1998,6,24,0.0
Virginia,2014,8315430,891000,980,0.1071502014928873,0.0001178531958058,1,2021,1,2020,1,2,0.0
Maryland,2014,5960064,670000,1070,0.1124149002426819,0.0001795282735218,0,0,1,2013,0,9,0.0
South Dakota,2014,849670,62000,63,0.0729695058081372,7.414643332117176e-05,0,0,1,2020,0,2,0.0
Texas,2014,26963092,2043000,2601,0.0757702417808758,9.64651976857847e-05,0,0,0,0,0,0,0.0
Iowa,2014,3110643,251000,264,0.0806907124989913,8.486991274794311e-05,0,0,1,2017,0,5,0.0
Kentucky,2014,4416992,398000,1077,0.0901065702632017,0.0002438310959132,0,0,0,0,0,0,0.0
Utah,2014,2938327,224000,603,0.0762338568852275,0.0002052188200972,0,0,1,2018,0,4,0.0
Rhode Island,2014,1056511,170000,247,0.1609069853508387,0.0002337883845979,1,2022,1,2006,0,16,0.0
West Virginia,2014,1850569,172000,627,0.0929443862941614,0.0003388147105025,0,0,1,2017,0,5,0.0
Minnesota,2014,5452665,553000,517,0.1014182972913245,9.481602115662708e-05,0,0,1,2014,0,8,0.0
Nebraska,2014,1879955,158000,125,0.0840445648965001,6.649095324090205e-05,0,0,0,0,0,0,0.0
New Mexico,2014,2090236,267000,547,0.1277367723070505,0.0002616929380223,1,2021,1,2007,1,15,0.0
Vermont,2015,625810,111000,99,0.1773701283137054,0.0001581949793068,1,2020,1,2004,2,18,0.0
New Mexico,2015,2090071,253000,501,0.1210485194043647,0.0002397047755793,1,2021,1,2007,1,15,0.0
Oregon,2015,4018542,659000,505,0.1639898251654455,0.00012566746845,1,2014,1,1998,8,24,0.0
Louisiana,2015,4666998,427000,861,0.0914935039612187,0.0001844869014299,0,0,1,2015,0,7,0.0
North Dakota,2015,755537,61000,61,0.0807372769301834,8.073727693018344e-05,0,0,1,2016,0,6,0.0
Kansas,2015,2910717,292000,329,0.1003189248559719,0.0001130305694438,0,0,0,0,0,0,0.0
Missouri,2015,6075411,683000,1066,0.1124203778147684,0.0001754613803082,0,0,1,2018,0,4,0.0
Iowa,2015,3122541,235000,309,0.0752592199750139,9.8957867967146e-05,0,0,1,2017,0,5,0.0
New Jersey,2015,8870312,894000,1454,0.1007856318920912,0.0001639175713323,1,2020,1,2010,2,12,0.0
Illinois,2015,12859585,1339000,1835,0.104124666542505,0.0001426951180772,1,2019,1,2013,3,9,0.0
Wyoming,2015,586389,52000,96,0.0886783346890886,0.0001637138486567,0,0,0,0,0,0,0.0
District of Columbia,2015,677014,134000,125,0.1979279601308097,0.0001846342911668,1,2015,1,2011,7,11,0.0
Montana,2015,1031495,133000,138,0.1289390641738447,0.0001337863974134,1,2020,1,2004,2,18,0.0
Indiana,2015,6611442,760000,1245,0.1149522297858772,0.0001883099027413,0,0,0,0,0,0,0.0
Kentucky,2015,4429126,449000,1273,0.1013744020829391,0.0002874156210502,0,0,0,0,0,0,0.0
Alabama,2015,4854803,389000,736,0.0801268352186484,0.0001516024440126,0,0,1,2021,0,1,0.0
Massachusetts,2015,6797484,1058000,1724,0.1556458242490898,0.000253623252368,1,2016,1,2012,6,10,0.0
South Dakota,2015,854663,75000,65,0.0877538866196383,7.60533684036866e-05,0,0,1,2020,0,2,0.0
Nebraska,2015,1892059,166000,126,0.0877351076261364,6.659411783670593e-05,0,0,0,0,0,0,0.0
New Hampshire,2015,1337480,199000,422,0.1487872715853695,0.0003155187367287,0,0,1,2013,0,9,0.0
Washington,2015,7167287,1037000,1094,0.1446851507411381,0.0001526379507336,1,2012,1,1998,10,24,0.0
Arkansas,2015,2979732,284000,392,0.0953105849787833,0.0001315554553228,0,0,1,2016,0,6,0.0
Colorado,2015,5454328,1033000,869,0.1893908837165641,0.0001593230183443,1,2012,1,2000,10,22,0.0
Maine,2015,1329098,227000,269,0.1707925224475546,0.0002023929010501,1,2016,1,1999,6,23,0.0
Idaho,2015,1652495,152000,218,0.0919821240003751,0.0001319217304742,0,0,0,0,0,0,0.0
West Virginia,2015,1843332,174000,725,0.0943942816595165,0.0003933095069146,0,0,1,2017,0,5,0.0
Michigan,2015,9934483,1266000,1980,0.127434915334799,0.0001993057917558,1,2018,1,2008,4,14,0.0
South Carolina,2015,4896006,507000,761,0.1035537946644673,0.0001554328160545,0,0,0,0,0,0,0.0
Maryland,2015,5988528,757000,1285,0.1264083594499349,0.0002145769377716,0,0,1,2013,0,9,0.0
Connecticut,2015,3588561,479000,800,0.13347968726183,0.0002229305841533,1,2021,1,2012,1,10,0.0
Wisconsin,2015,5762927,584000,878,0.1013373933072551,0.0001523531358283,0,0,0,0,0,0,0.0
North Carolina,2015,10037218,975000,1567,0.0971384700421969,0.0001561189564678,0,0,0,0,0,0,0.0
Alaska,2015,738430,127000,122,0.1719865119239467,0.0001652153894072,1,2014,1,1998,8,24,0.0
Utah,2015,2983626,211000,646,0.0707193193785011,0.0002165150725995,0,0,1,2018,0,4,0.0
Florida,2015,20219111,2152000,3228,0.1064339574573778,0.000159650936186,0,0,1,2016,0,6,0.0
Hawaii,2015,1422999,147000,169,0.1033029538320125,0.0001187632598476,0,0,1,2000,0,22,0.0
Minnesota,2015,5484002,579000,581,0.1055798302042924,0.0001059445273725,0,0,1,2014,0,8,0.0
Tennessee,2015,6595354,606000,1457,0.0918828617842196,0.0002209130851808,0,0,0,0,0,0,0.0
Mississippi,2015,2990231,212000,351,0.0708975326655365,0.0001173822356868,0,0,1,2022,0,0,0.0
California,2015,38904296,4936000,4659,0.1268754484080627,0.0001197554121015,1,2016,1,1996,6,26,0.0
Rhode Island,2015,1056886,170000,310,0.1608498929875123,0.0002933145107419,1,2022,1,2006,0,16,0.0
Texas,2015,27468531,2213000,2588,0.0805649199078028,9.4216905884046e-05,0,0,0,0,0,0,0.0
Arizona,2015,6832810,734000,1274,0.1074228611654648,0.0001864533039847,1,2020,1,2010,2,12,0.0
Georgia,2015,10183353,1052000,1302,0.1033058561359897,0.0001278557268907,0,0,1,2015,0,7,0.0
Delaware,2015,942065,103000,198,0.1093342816047725,0.0002101765801722,0,0,1,2011,0,11,0.0
Nevada,2015,2868531,309000,619,0.1077206416803583,0.0002157898938515,1,2016,1,1998,6,24,0.0
Pennsylvania,2015,12789838,1339000,3264,0.1046924910229512,0.0002552026069446,0,0,1,2016,0,6,0.0
Oklahoma,2015,3910518,358000,725,0.091547973951277,0.0001853974332812,0,0,1,2018,0,4,0.0
Virginia,2015,8367303,796000,1039,0.0951322068771741,0.0001241738227957,1,2021,1,2020,1,2,0.0
New York,2015,19657321,2519000,2754,0.1281456410057097,0.0001401004745254,1,2021,1,2014,1,8,0.0
Ohio,2015,11622315,1179000,3310,0.101442784849662,0.0002847969617068,0,0,1,2016,0,6,0.0
New Hampshire,2016,1343694,202000,481,0.1503318463876448,0.0003579684064973,0,0,1,2013,0,9,0.0
West Virginia,2016,1832435,179000,884,0.0976842289085288,0.0004824182031013,0,0,1,2017,0,5,0.0
Maine,2016,1332348,228000,353,0.1711264624557548,0.0002649457949424,1,2016,1,1999,6,23,0.0
Georgia,2016,10308442,1048000,1394,0.1016642476137519,0.0001352289705854,0,0,1,2015,0,7,0.0
Oklahoma,2016,3928143,357000,813,0.0908826384375517,0.0002069680253493,0,0,1,2018,0,4,0.0
Nebraska,2016,1906483,176000,120,0.0923165850416709,6.294312616477566e-05,0,0,0,0,0,0,0.0
Michigan,2016,9954117,1317000,2347,0.132307064504064,0.0002357818378064,1,2018,1,2008,4,14,0.0
Washington,2016,7299961,1140000,1102,0.1561652178689721,0.0001509597106066,1,2012,1,1998,10,24,0.0
Colorado,2016,5543844,1057000,942,0.1906619306026648,0.0001699182011615,1,2012,1,2000,10,22,0.0
New York,2016,19636391,2491000,3638,0.1268563047048717,0.0001852682603437,1,2021,1,2014,1,8,0.0
Mississippi,2016,2990595,231000,352,0.0772421541532705,0.0001177023301383,0,0,1,2022,0,0,0.0
Idaho,2016,1684036,158000,243,0.0938222223277887,0.000144296202694,0,0,0,0,0,0,0.0
Minnesota,2016,5525360,592000,672,0.1071423400466213,0.0001216210346475,0,0,1,2014,0,8,0.0
Utah,2016,3044241,229000,635,0.0752240049325923,0.0002085905813633,0,0,1,2018,0,4,0.0
Alaska,2016,742575,134000,128,0.1804531528801804,0.0001723731609601,1,2014,1,1998,8,24,0.0
Wisconsin,2016,5775170,592000,1074,0.1025078049650486,0.0001859685515751,0,0,0,0,0,0,0.0
Arkansas,2016,2991815,274000,401,0.0915832028384108,0.0001340323515992,0,0,1,2016,0,6,0.0
Nevada,2016,2919555,319000,665,0.1092632267588725,0.0002277744382277,1,2016,1,1998,6,24,0.0
Montana,2016,1042137,160000,119,0.1535306778283469,0.0001141884416348,1,2020,1,2004,2,18,0.0
District of Columbia,2016,687576,143000,269,0.2079770090869954,0.0003912294786321,1,2015,1,2011,7,11,0.0
North Dakota,2016,756114,61000,77,0.0806756653097284,0.0001018364955549,0,0,1,2016,0,6,0.0
Virginia,2016,8417651,768000,1405,0.091236854557168,0.000166911172725,1,2021,1,2020,1,2,0.0
New Jersey,2016,8873584,907000,2056,0.1022134911891294,0.0002316989392335,1,2020,1,2010,2,12,0.0
Maryland,2016,6007014,779000,2044,0.1296817353846686,0.0003402688923315,0,0,1,2013,0,9,0.0
Ohio,2016,11640060,1344000,4329,0.1154633223540084,0.0003719052994572,0,0,1,2016,0,6,0.0
Vermont,2016,624366,118000,125,0.1889917131938638,0.0002002030860104,1,2020,1,2004,2,18,0.0
South Carolina,2016,4963031,448000,879,0.0902674192444093,0.0001771095123121,0,0,0,0,0,0,0.0
Louisiana,2016,4681346,429000,996,0.0916403102868277,0.0002127593217848,0,0,1,2015,0,7,0.0
Illinois,2016,12821709,1320000,2411,0.1029503945222902,0.0001880404554494,1,2019,1,2013,3,9,0.0
Missouri,2016,6091384,668000,1371,0.1096630913434451,0.0002250720033411,0,0,1,2018,0,4,0.0
Kansas,2016,2912977,265000,131,0.0909722253213808,4.497117553622977e-05,0,0,0,0,0,0,0.0
Wyoming,2016,585243,51000,99,0.0871432891978204,0.0001691605025604,0,0,0,0,0,0,0.0
Delaware,2016,949989,105000,282,0.1105275955826857,0.000296845542422,0,0,1,2011,0,11,0.0
Hawaii,2016,1428885,151000,191,0.1056768039415348,0.0001336706592902,0,0,1,2000,0,22,0.0
Iowa,2016,3133210,254000,314,0.0810670207231561,0.0001002167106577,0,0,1,2017,0,5,0.0
Rhode Island,2016,1057816,184000,326,0.1739432944859975,0.0003081821413175,1,2022,1,2006,0,16,0.0
Florida,2016,20627237,2275000,4728,0.1102910680669446,0.0002292115032178,0,0,1,2016,0,6,0.0
New Mexico,2016,2092555,272000,500,0.1299846360071778,0.0002389423456014,1,2021,1,2007,1,15,0.0
Indiana,2016,6637898,733000,1526,0.1104265235771926,0.000229892053177,0,0,0,0,0,0,0.0
Texas,2016,27914064,2264000,2831,0.0811060689693912,0.0001014184104471,0,0,0,0,0,0,0.0
Kentucky,2016,4440306,470000,1419,0.1058485608874703,0.0003195725699985,0,0,0,0,0,0,0.0
California,2016,39149186,5296000,4654,0.1352773975939116,0.0001188785891997,1,2016,1,1996,6,26,0.0
Arizona,2016,6944767,696000,1382,0.1002193450118628,0.0001989987569057,1,2020,1,2010,2,12,0.0
Massachusetts,2016,6827280,1088000,2227,0.1593606824386871,0.0003261913968666,1,2016,1,2012,6,10,0.0
Connecticut,2016,3579830,461000,971,0.1287770648326875,0.0002712419304827,1,2021,1,2012,1,10,0.0
South Dakota,2016,863693,83000,69,0.0960989610891833,7.988949777293552e-05,0,0,1,2020,0,2,0.0
Pennsylvania,2016,12788468,1415000,4627,0.1106465606357227,0.0003618103435063,0,0,1,2016,0,6,0.0
Oregon,2016,4093271,783000,506,0.1912895579110203,0.0001236175176283,1,2014,1,1998,8,24,0.0
Alabama,2016,4866824,386000,756,0.0793125044176654,0.0001553374438853,0,0,1,2021,0,1,0.0
Tennessee,2016,6651277,709000,1630,0.1065960717017198,0.0002450657219658,0,0,0,0,0,0,0.0
North Carolina,2016,10161802,996000,1956,0.0980141120639823,0.0001924855453786,0,0,0,0,0,0,0.0
Louisiana,2017,4673673,469000,1108,0.1003493398019074,0.000237072640726,0,0,1,2015,0,7,0.0
Maryland,2017,6028186,781000,2247,0.1295580461518606,0.000372748949684,0,0,1,2013,0,9,0.0
Nevada,2017,2972097,416000,676,0.1399685138136474,0.0002274488349471,1,2016,1,1998,6,24,0.0
Missouri,2017,6111382,699000,1367,0.1143767481725082,0.0002236809939224,0,0,1,2018,0,4,0.0
District of Columbia,2017,697079,154000,310,0.2209218754258843,0.000444712866117,1,2015,1,2011,7,11,0.0
Tennessee,2017,6714748,748000,1776,0.1113965855457271,0.0002644924277128,0,0,0,0,0,0,0.0
Rhode Island,2017,1056554,189000,320,0.1788834266871357,0.0003028714102639,1,2022,1,2006,0,16,0.0
Arkansas,2017,3003855,312000,446,0.1038665315070134,0.000148475875167,0,0,1,2016,0,6,0.0
Kentucky,2017,4455590,475000,1566,0.1066076546540413,0.0003514686046067,0,0,0,0,0,0,0.0
Wyoming,2017,579994,58000,69,0.1000010344934602,0.0001189667479318,0,0,0,0,0,0,0.0
West Virginia,2017,1818683,200000,974,0.1099696868558181,0.0005355523749878,0,0,1,2017,0,5,0.0
New Mexico,2017,2092844,302000,493,0.1443012474890627,0.0002355646192453,1,2021,1,2007,1,15,0.0
Delaware,2017,957942,119000,338,0.1242246399051299,0.000352839733512,0,0,1,2011,0,11,0.0
Ohio,2017,11665706,1343000,5111,0.1151237653340483,0.0004381217904857,0,0,1,2016,0,6,0.0
Indiana,2017,6662068,796000,1852,0.1194824189726073,0.0002779917587151,0,0,0,0,0,0,0.0
New Hampshire,2017,1350395,216000,467,0.1599531988788465,0.0003458247401686,0,0,1,2013,0,9,0.0
Massachusetts,2017,6863560,1173000,2168,0.1709025636841522,0.0003158710639959,1,2016,1,2012,6,10,0.0
Colorado,2017,5617421,1155000,1015,0.205610368174292,0.0001806878993046,1,2012,1,2000,10,22,0.0
Oklahoma,2017,3933602,388000,775,0.0986373303654004,0.0001970204408071,0,0,1,2018,0,4,0.0
Pennsylvania,2017,12794679,1433000,5388,0.1119996836184792,0.0004211125578062,0,0,1,2016,0,6,0.0
Connecticut,2017,3575324,497000,1072,0.1390083807789168,0.0002998329661871,1,2021,1,2012,1,10,0.0
Michigan,2017,9976752,1406000,2694,0.140927628550855,0.0002700277605376,1,2018,1,2008,4,14,0.0
Utah,2017,3103540,253000,650,0.0815198128588644,0.0002094382543804,0,0,1,2018,0,4,0.0
Wisconsin,2017,5793147,619000,1177,0.1068503871902439,0.0002031710916363,0,0,0,0,0,0,0.0
Vermont,2017,625132,129000,134,0.2063564175246188,0.0002143547282813,1,2020,1,2004,2,18,0.0
New Jersey,2017,8888147,912000,2685,0.1026085639672701,0.0003020877129957,1,2020,1,2010,2,12,0.0
South Carolina,2017,5027102,462000,1008,0.0919018551841597,0.0002005131385836,0,0,0,0,0,0,0.0
Iowa,2017,3143734,298000,341,0.0947917349241379,0.0001084697369433,0,0,1,2017,0,5,0.0
Florida,2017,20977089,2425000,5088,0.1156023125992362,0.000242550336703,0,0,1,2016,0,6,0.0
Alabama,2017,4877989,429000,835,0.0879460777791831,0.0001711770977753,0,0,1,2021,0,1,0.0
Idaho,2017,1719745,175000,236,0.101759272450276,0.0001372296474186,0,0,0,0,0,0,0.0
New York,2017,19593849,2436000,3921,0.1243247306846143,0.0002001138214344,1,2021,1,2014,1,8,0.0
Georgia,2017,10417031,993000,1537,0.0953246659244846,0.0001475468394017,0,0,1,2015,0,7,0.0
South Dakota,2017,873732,87000,73,0.0995728667371688,8.354964680245201e-05,0,0,1,2020,0,2,0.0
Illinois,2017,12779893,1482000,2778,0.1159634122132321,0.0002173727119624,1,2019,1,2013,3,9,0.0
Hawaii,2017,1425763,152000,203,0.1066095837807545,0.0001423799046545,0,0,1,2000,0,22,0.0
Alaska,2017,740983,133000,147,0.1794912973711947,0.0001983851181471,1,2014,1,1998,8,24,0.0
Mississippi,2017,2990674,279000,354,0.0932900075367626,0.000118367966552,0,0,1,2022,0,0,0.0
Virginia,2017,8471011,824000,1507,0.0972729229132154,0.0001779008432405,1,2021,1,2020,1,2,0.0
Washington,2017,7427951,1378000,1169,0.1855154941113639,0.000157378528749,1,2012,1,1998,10,24,0.0
Nebraska,2017,1916998,180000,152,0.0938968115772682,7.929064088747094e-05,0,0,0,0,0,0,0.0
Maine,2017,1335743,253000,424,0.1894076929469216,0.0003174263312628,1,2016,1,1999,6,23,0.0
California,2017,39337785,5713000,4868,0.1452293259521348,0.0001237487062375,1,2016,1,1996,6,26,0.0
Montana,2017,1053862,171000,119,0.1622603338957093,0.0001129180101379,1,2020,1,2004,2,18,0.0
Texas,2017,28291024,2396000,2989,0.0846911727196583,0.0001056518844987,0,0,0,0,0,0,0.0
Oregon,2017,4147294,928000,530,0.2237603603699183,0.0001277941713319,1,2014,1,1998,8,24,0.0
Arizona,2017,7048088,802000,1532,0.1137897256674434,0.0002173639148659,1,2020,1,2010,2,12,0.0
North Dakota,2017,756755,68000,68,0.0898573514545658,8.985735145456588e-05,0,0,1,2016,0,6,0.0
North Carolina,2017,10275758,1024000,2414,0.0996520159388728,0.0002349218422621,0,0,0,0,0,0,0.0
Minnesota,2017,5569283,635000,733,0.1140182677016053,0.0001316147877563,0,0,1,2014,0,8,0.0
Kansas,2017,2910892,283000,333,0.097221058012458,0.0001143979233856,0,0,0,0,0,0,0.0
Alabama,2018,4891628,514000,775,0.1050774915835791,0.0001584339610452,0,0,1,2021,0,1,0.0
North Carolina,2018,10391358,1104000,2259,0.1062421292770396,0.0002173921830043,0,0,0,0,0,0,0.0
Massachusetts,2018,6885720,1218000,2241,0.1768878200101079,0.0003254561614471,1,2016,1,2012,6,10,0.0
Ohio,2018,11680892,1348000,3980,0.1154021456580541,0.0003407274033524,0,0,1,2016,0,6,0.0
Virginia,2018,8510920,841000,1448,0.0988142292490118,0.0001701343685524,1,2021,1,2020,1,2,0.0
Louisiana,2018,4664450,468000,1140,0.1003333726377172,0.0002444018051431,0,0,1,2015,0,7,0.0
Florida,2018,21254926,2587000,4698,0.1217129619740854,0.0002210311153282,0,0,1,2016,0,6,0.0
Indiana,2018,6698481,867000,1629,0.1294323295087349,0.0002431894634022,0,0,0,0,0,0,0.0
Illinois,2018,12724685,1635000,2722,0.1284904105681201,0.0002139149220589,1,2019,1,2013,3,9,0.0
Pennsylvania,2018,12809107,1542000,4415,0.1203830993058298,0.0003446766429541,0,0,1,2016,0,6,0.0
Hawaii,2018,1423102,165000,213,0.115943902826361,0.000149673038194,0,0,1,2000,0,22,0.0
Missouri,2018,6125986,743000,1610,0.1212865977819733,0.0002628148350322,0,0,1,2018,0,4,0.0
Delaware,2018,966985,139000,401,0.1437457664803487,0.0004146910241627,0,0,1,2011,0,11,0.0
Arizona,2018,7164228,987000,1670,0.1377678097346985,0.0002331025757415,1,2020,1,2010,2,12,0.0
Tennessee,2018,6778180,739000,1823,0.1090263167989047,0.000268951252401,0,0,0,0,0,0,0.0
New York,2018,19544098,2556000,3697,0.1307811698447275,0.0001891619659295,1,2021,1,2014,1,8,0.0
Mississippi,2018,2982879,284000,310,0.0952100303096438,0.0001039264415351,0,0,1,2022,0,0,0.0
Oklahoma,2018,3943488,416000,716,0.1054903679179447,0.0001815651524741,0,0,1,2018,0,4,0.0
Utah,2018,3155153,271000,624,0.0858912388717757,0.0001977717086936,0,0,1,2018,0,4,0.0
South Carolina,2018,5091702,578000,1125,0.1135180338519418,0.0002209477302481,0,0,0,0,0,0,0.0
New Jersey,2018,8891730,931000,2900,0.1047040339731413,0.0003261457556628,1,2020,1,2010,2,12,0.0
Maryland,2018,6042153,738000,2324,0.1221418921367929,0.0003846311074876,0,0,1,2013,0,9,0.0
Arkansas,2018,3012161,333000,444,0.1105518596117538,0.0001474024794823,0,0,1,2016,0,6,0.0
North Dakota,2018,760062,74000,70,0.0973604784872813,9.209774992040125e-05,0,0,1,2016,0,6,0.0
District of Columbia,2018,704147,157000,254,0.222964807064434,0.000360720133722,1,2015,1,2011,7,11,0.0
West Virginia,2018,1805953,222000,856,0.1229267871312265,0.0004739879720014,0,0,1,2017,0,5,0.0
Nebraska,2018,1925512,200000,138,0.1038684775789504,7.16692495294758e-05,0,0,0,0,0,0,0.0
Alaska,2018,736624,139000,110,0.1886987119615977,0.0001493299159408,1,2014,1,1998,8,24,0.0
Wisconsin,2018,5809319,666000,1079,0.1146433859114984,0.0001857360561539,0,0,0,0,0,0,0.0
Kentucky,2018,4464273,478000,1315,0.1070723049419244,0.0002945608389092,0,0,0,0,0,0,0.0
Michigan,2018,9987286,1562000,2591,0.1563988454921587,0.0002594298390974,1,2018,1,2008,4,14,0.0
Idaho,2018,1752074,196000,250,0.1118674211249068,0.0001426880371491,0,0,0,0,0,0,0.0
Vermont,2018,624802,138000,153,0.2208699716070051,0.0002448775772164,1,2020,1,2004,2,18,0.0
New Mexico,2018,2093754,325000,537,0.1552235840504663,0.0002564771219541,1,2021,1,2007,1,15,0.0
South Dakota,2018,879386,86000,57,0.09779550731988,6.481795252596698e-05,0,0,1,2020,0,2,0.0
Rhode Island,2018,1059338,189000,317,0.1784133109545773,0.0002992434898021,1,2022,1,2006,0,16,0.0
New Hampshire,2018,1355064,240000,452,0.1771134057136784,0.0003335635807607,0,0,1,2013,0,9,0.0
Iowa,2018,3149900,326000,287,0.1034953490587002,9.111400361916251e-05,0,0,1,2017,0,5,0.0
Texas,2018,28624564,2559000,3005,0.0893987415843259,0.0001049797649319,0,0,0,0,0,0,0.0
Maine,2018,1340123,277000,345,0.2066974449360245,0.0002574390559672,1,2016,1,1999,6,23,0.0
Washington,2018,7526793,1467000,1164,0.1949037259294894,0.0001546475371383,1,2012,1,1998,10,24,0.0
Utah,2019,3203383,314000,571,0.0980213730297001,0.0001782490573247,0,0,1,2018,0,4,620.2062
Minnesota,2019,5640053,781000,792,0.1384738760433634,0.0001404242123256,0,0,1,2014,0,8,862.24713
Tennessee,2019,6830325,780000,2089,0.1141966158272117,0.0003058419621321,0,0,0,0,0,0,2099.2393
Nevada,2019,3090771,613000,647,0.1983323902029623,0.000209332881666,1,2016,1,1998,6,24,699.9914
Texas,2019,28986794,2862000,3136,0.0987346168741531,0.0001081871972457,0,0,0,0,0,0,2989.2808
California,2019,39437610,6641000,6198,0.1683925572568926,0.0001571596250381,1,2016,1,1996,6,26,4447.373
North Dakota,2019,763724,78000,82,0.1021311363791107,0.0001073686305523,0,0,1,2016,0,6,74.092834
West Virginia,2019,1795263,217000,870,0.1208736547235697,0.0004846086617949,0,0,1,2017,0,5,818.8897
Delaware,2019,976668,149000,435,0.1525595186900768,0.000445391883424,0,0,1,2011,0,11,381.1778
Mississippi,2019,2978227,297000,394,0.0997237618220505,0.000132293475279,0,0,1,2022,0,0,377.06296
Nebraska,2019,1932571,227000,161,0.1174601088394682,8.33087115557462e-05,0,0,0,0,0,0,217.40912
Virginia,2019,8556642,866000,1547,0.1012079271284225,0.0001807952231728,1,2021,1,2020,1,2,1447.9082
Pennsylvania,2019,12798883,1752000,4377,0.1368869455248555,0.0003419829683574,0,0,1,2016,0,6,4282.519
Ohio,2019,11696507,1556000,4251,0.133031169049016,0.0003634418378067,0,0,1,2016,0,6,4077.2146
Kentucky,2019,4472345,553000,1380,0.1236487793316481,0.0003085629574641,0,0,0,0,0,0,1457.8395
Rhode Island,2019,1058158,212000,307,0.2003481521663116,0.0002901268052597,1,2022,1,2006,0,16,315.96863
Georgia,2019,10628020,1310000,1408,0.123259083065331,0.0001324799915694,0,0,1,2015,0,7,2129.5417
Iowa,2019,3159596,327000,352,0.1034942442008408,0.0001114066481917,0,0,1,2017,0,5,355.5037
Oklahoma,2019,3960676,497000,645,0.1254836295622262,0.0001628509880636,0,0,1,2018,0,4,676.5145
South Dakota,2019,887127,80000,86,0.0901787455460153,9.694215146196657e-05,0,0,1,2020,0,2,111.132324
New Mexico,2019,2099634,358000,599,0.1705059072200202,0.000285287816829,1,2021,1,2007,1,15,642.2213
Hawaii,2019,1415615,182000,242,0.1285660296055071,0.0001709504349699,0,0,1,2000,0,22,366.5821
Arizona,2019,7291843,968000,1907,0.1327510754139934,0.0002615251041471,1,2020,1,2010,2,12,1715.6381
New Jersey,2019,8891258,1033000,2805,0.1161815347164597,0.0003154784171148,1,2020,1,2010,2,12,2617.5642
Indiana,2019,6731010,928000,1699,0.1378693539305394,0.0002524138279396,0,0,0,0,0,0,1668.9095
Maine,2019,1345770,289000,371,0.2147469478439852,0.0002756786077858,1,2016,1,1999,6,23,379.5432
South Carolina,2019,5157702,620000,1127,0.1202085735081243,0.0002185081650704,0,0,0,0,0,0,1115.1685
Michigan,2019,9984795,1765000,2385,0.1767687769253149,0.0002388631914826,1,2018,1,2008,4,14,2548.6277
New Hampshire,2019,1360783,253000,407,0.1859223696945067,0.0002990925077694,0,0,1,2013,0,9,435.3255
Washington,2019,7614024,1624000,1259,0.2132906331789865,0.0001653527753524,1,2012,1,1998,10,24,1225.5554
North Carolina,2019,10501384,1316000,2266,0.1253168153835723,0.0002157810818078,0,0,0,0,0,0,2589.1416
Connecticut,2019,3566022,583000,1214,0.1634874939077773,0.0003404353646724,1,2021,1,2012,1,10,968.38513
Alabama,2019,4907965,605000,768,0.1232690127170833,0.0001564803334987,0,0,1,2021,0,1,787.0601
Massachusetts,2019,6894883,1318000,2210,0.1911562531227868,0.0003205275564501,1,2016,1,2012,6,10,2196.391
Vermont,2019,624046,148000,133,0.2371620040830323,0.00021312531448,1,2020,1,2004,2,18,137.31636
Idaho,2019,1789060,205000,265,0.1145853129576425,0.0001481224777257,0,0,0,0,0,0,317.97287
Florida,2019,21492056,2705000,5268,0.1258604574639113,0.0002451138225212,0,0,1,2016,0,6,4606.3457
Wisconsin,2019,5824581,720000,1201,0.1236140419370938,0.0002061950893978,0,0,0,0,0,0,1190.4156
Illinois,2019,12667017,1748000,2790,0.1379961833160877,0.0002202570660479,1,2019,1,2013,3,9,2755.415
Wyoming,2019,580116,61000,79,0.1051513835164001,0.0001361796606196,0,0,0,0,0,0,75.97339
Colorado,2019,5758486,1265000,1079,0.2196757967285151,0.0001873756400553,1,2012,1,2000,10,22,1203.5101
Louisiana,2019,4658285,464000,1267,0.0996074735659153,0.0002719885107931,0,0,1,2015,0,7,1221.7891
Maryland,2019,6054954,813000,2369,0.1342702190635965,0.0003912498757215,0,0,1,2013,0,9,2175.1997
Kansas,2019,2912635,349000,403,0.1198227721633503,0.0001383626853347,0,0,0,0,0,0,440.86282
New York,2019,19463131,2871000,3617,0.1475096684084385,0.000185838547765,1,2021,1,2014,1,8,3613.6125
District of Columbia,2019,708253,164000,311,0.2315556729021974,0.0004391086236133,1,2015,1,2011,7,11,315.22327
Missouri,2019,6140475,763000,1583,0.1242574882236309,0.0002577976459475,0,0,1,2018,0,4,1621.8263
Montana,2019,1070123,180000,143,0.1682049633546798,0.0001336294986651,1,2020,1,2004,2,18,200.07845
Arkansas,2019,3020985,338000,388,0.111884037822101,0.000128434930991,0,0,1,2016,0,6,434.68286
Alaska,2019,733603,146000,132,0.1990177248457272,0.0001799338334221,1,2014,1,1998,8,24,123.895065
Oregon,2019,4216116,969000,615,0.2298323860159445,0.0001458688518057,1,2014,1,1998,8,24,571.9642
Alaska,2020,731158,140000,160,0.1914770815610305,0.0002188309503554,1,2014,1,1998,8,24,184.54959
Maryland,2020,6055802,839000,2771,0.1385448203227252,0.0004575777081218,0,0,1,2013,0,9,2182.2354
Maine,2020,1350141,283000,496,0.2096077372659596,0.0003673690377523,1,2016,1,1999,6,23,420.15195
Rhode Island,2020,1057125,224000,397,0.2118954712072839,0.0003755468842379,1,2022,1,2006,0,16,352.48856
New Hampshire,2020,1366275,260000,393,0.1902984391868401,0.0002876434100016,0,0,1,2013,0,9,434.8238
Montana,2020,1080577,212000,162,0.1961914791819555,0.0001499199039031,1,2020,1,2004,2,18,209.1664
Vermont,2020,623347,160000,190,0.2566788642601953,0.0003048061513089,1,2020,1,2004,2,18,197.38768
Washington,2020,7693612,1715000,1733,0.2229122030068581,0.0002252518063037,1,2012,1,1998,10,24,1354.0807
New Mexico,2020,2106319,329000,784,0.156196663468354,0.0003722133257118,1,2021,1,2007,1,15,616.2505
West Virginia,2020,1784787,214000,1330,0.1199022628470512,0.0007451869606849,0,0,1,2017,0,5,820.9474
North Dakota,2020,765309,92000,114,0.1202128813328995,0.0001489594399125,0,0,1,2016,0,6,110.4109
Idaho,2020,1826913,239000,287,0.1308217742169441,0.0001570956033483,0,0,0,0,0,0,381.68463
Nebraska,2020,1937552,220000,214,0.1135453396863671,0.000110448648604,0,0,0,0,0,0,266.71027
Iowa,2020,3163561,389000,432,0.1229626993125784,0.0001365549771286,0,0,1,2017,0,5,459.4101
Wisconsin,2020,5832655,765000,1531,0.1311581089572416,0.0002624876664229,0,0,0,0,0,0,1487.1338
District of Columbia,2020,712816,181000,424,0.2539224708760746,0.0005948239096765,1,2015,1,2011,7,11,437.56116
Kentucky,2020,4477251,557000,2083,0.1244066950903579,0.0004652408363971,0,0,0,0,0,0,1505.3553
South Dakota,2020,892717,95000,83,0.1064167031657288,9.297459329216314e-05,0,0,1,2020,0,2,91.09065
Louisiana,2020,4645318,552000,1896,0.1188293244940389,0.0004081528971751,0,0,1,2015,0,7,1552.0393
North Carolina,2020,10600823,1406000,3146,0.1326312117464842,0.0002967694112051,0,0,0,0,0,0,3319.3894
South Carolina,2020,5218040,592000,1739,0.1134525607316157,0.0003332668971491,0,0,0,0,0,0,1517.3307
Tennessee,2020,6886834,874000,3034,0.1269088234158105,0.000440550766869,0,0,0,0,0,0,2153.9387
New Jersey,2020,8882371,1121000,2840,0.1262050414241873,0.0003197344492816,1,2020,1,2010,2,12,2437.1309
California,2020,39368078,7133000,8908,0.1811874077266357,0.0002262746990086,1,2016,1,1996,6,26,4294.907
New York,2020,19336776,2986000,4965,0.1544207783138202,0.0002567646230167,1,2021,1,2014,1,8,3649.9187
Missouri,2020,6151548,831000,1875,0.1350879485944025,0.0003048013280559,0,0,1,2018,0,4,2018.4296
Delaware,2020,986809,140000,444,0.1418714259801035,0.0004499350938226,0,0,1,2011,0,11,388.18625
Hawaii,2020,1407006,175000,274,0.1243775790579428,0.0001947397523535,0,0,1,2000,0,22,345.28195
Oregon,2020,4241507,1008000,803,0.2376513819262823,0.0001893195036575,1,2014,1,1998,8,24,749.67883
Kansas,2020,2913805,387000,490,0.1328160257807231,0.0001681649938825,0,0,0,0,0,0,586.4189
Wyoming,2020,582328,67000,99,0.1150554326771166,0.0001700072811199,0,0,0,0,0,0,90.60579
Pennsylvania,2020,12783254,1832000,5168,0.1433124930475448,0.0004042789105184,0,0,1,2016,0,6,4600.523
Georgia,2020,10710017,1207000,1916,0.1126982338123272,0.000178897941992,0,0,1,2015,0,7,2415.3943
Illinois,2020,12587530,2125000,3549,0.1688178697488705,0.0002819457034064,1,2019,1,2013,3,9,2824.7014
Colorado,2020,5807719,1300000,1492,0.2238400308279378,0.0002568994815348,1,2012,1,2000,10,22,1544.2816
Indiana,2020,6754953,873000,2321,0.1292385009932711,0.0003435997260084,0,0,0,0,0,0,2081.5933
Mississippi,2020,2966786,334000,586,0.1125797411744561,0.0001975201446953,0,0,1,2022,0,0,591.2411
Florida,2020,21733312,3003000,7231,0.1381749822576513,0.0003327150505178,0,0,1,2016,0,6,4562.66
Massachusetts,2020,6893574,1432000,2302,0.2077296914488768,0.000333934182762,1,2016,1,2012,6,10,2280.728
Ohio,2020,11693217,1704000,5204,0.1457255090707715,0.0004450443363874,0,0,1,2016,0,6,4458.435
Virginia,2020,8590563,959000,2240,0.11163412689017,0.0002607512452909,1,2021,1,2020,1,2,1765.341
Alabama,2020,4921532,608000,1029,0.123538768009636,0.0002090812373057,0,0,1,2021,0,1,945.43555
Connecticut,2020,3557006,626000,1371,0.1759907067910484,0.0003854365159912,1,2021,1,2012,1,10,983.35535
Nevada,2020,3138259,588000,832,0.1873650326502688,0.0002651151482398,1,2016,1,1998,6,24,791.20074
Minnesota,2020,5657342,776000,1050,0.1371668886201329,0.0001855995271277,0,0,1,2014,0,8,1047.1494
Arizona,2020,7421401,1124000,2550,0.1514538831684206,0.0003436008915297,1,2020,1,2010,2,12,2071.7307
Michigan,2020,9966555,1918000,2759,0.1924436277128857,0.0002768258440353,1,2018,1,2008,4,14,2548.4207
Texas,2020,29360759,2987000,4172,0.1017344272333014,0.0001420944192893,0,0,0,0,0,0,3247.3708
Utah,2020,3249879,354000,622,0.1089271323640049,0.0001913917410463,0,0,1,2018,0,4,707.4735
Oklahoma,2020,3980783,629000,762,0.1580091152921423,0.0001914196277466,0,0,1,2018,0,4,774.0525
Arkansas,2020,3030522,372000,546,0.1227511300033459,0.0001801669811339,0,0,1,2016,0,6,614.1312
